ra,dec
120.6028,9.41356
210.55432,8.03711
119.20277,7.47795
120.40504,15.70974
209.37346,6.09701
232.50348,12.989325
147.47814,9.1635
161.95667,12.58164
144.74662,6.95544
176.45442,13.76669
235.37667,15.78767
209.55358,6.51818
170.06243,12.99152
120.4884,8.55188
221.12233,5.17625
243.23691,9.86711
209.56206,6.25869
161.64564,13.750859
213.06588,15.84191
176.27302,8.46951
141.42724,11.43214
134.71029,6.293
217.24263,13.86188
211.25079,13.13189
213.70989,15.14689
217.71244,13.96852
239.37787,15.95605
155.93317,12.56777
145.10029,14.92264
210.51467,9.92931
215.41874,13.23239
138.82069,11.88569
213.55583,15.622408
213.71682,14.12587
143.44205,10.152503
120.34638,15.36926
239.53324,12.07029
242.64312,10.04037
204.38342,8.88518
120.70681,15.80828
146.5715,5.7088
146.51476,4.40345
138.3983,12.44081
175.05629,15.34236
121.6999,5.3094
210.5733,7.68417
241.36177,15.02534
147.77513,9.0086
218.10725,8.07864
131.4981,12.619904
119.91716,15.38682
159.16017,14.1711
209.03004,5.25477
120.37821,9.70764
137.58383,7.03794
210.84644,9.4480892
215.95633,14.63877
212.25965,14.317005
154.5822,7.04931
125.67165,4.26243
117.85915,14.02046
245.91184,11.78624
125.14475,4.61583
176.43984,10.8246
198.16612,12.59975
138.6713,15.46196
213.13215,13.304739
209.60329,6.07128
241.05594,13.74402
234.62488,12.18661
237.44559,12.39934
240.33325,8.83594
209.59307,6.3391
237.13583,8.58793
211.78415,12.58809
217.63562,14.024417
130.66585,14.28562
241.99317,10.779589
141.44721,11.42458
210.64253,14.55254
211.50509,12.78332
219.79617,5.36348
131.31588,9.6455
151.22461,5.06264
120.85637,10.05053
121.02439,5.11384
209.55832,5.40828
173.58853,15.660405
162.82393,13.94599
178.98836,6.74894
121.74428,8.00394
120.98492,8.69964
144.53287,9.52392
168.48542,12.30106
133.98084,13.22969
239.37406,15.87262
120.15632,13.69735
146.4228,4.94185
211.15813,11.64575
140.21144,13.19114
124.90404,4.65722
120.47549,9.62586
167.68838,12.01614
177.46718,6.66774
245.71686,11.371011
163.01613,10.14831
241.85459,10.42581
246.69451,11.58027
143.51159,10.108707
149.7345,14.41878
220.42897,5.95276
150.35809,15.77007
124.42375,4.61
147.40414,9.00521
239.62758,13.999187
198.29191,9.69058
211.14984,15.472788
241.80415,7.97899
120.5445,9.48599
212.04729,5.81156
215.62824,11.30488
120.56252,9.39441
233.63496,15.19378
149.48624,10.432454
150.13328,4.40707
143.02592,8.44177
176.36112,9.16071
230.48567,5.07053
215.54464,13.91806
240.45717,8.14828
238.98917,5.93189
142.376,7.71883
148.82526,4.27002
134.25454,13.19911
176.77647,13.706812
172.10005,9.40763
120.15297,15.6842
145.22473,5.16581
209.59568,14.45734
162.11629,12.53319
120.48119,11.72034
177.11471,12.72731
218.28838,10.51081
173.54865,12.51231
130.73494,13.64159
210.95251,15.4023
149.17745,15.63773
212.11668,15.920934
213.05299,15.86889
161.69058,11.81994
211.20612,11.39551
241.13229,14.81914
143.698,10.28371
153.21042,12.66667
212.24721,14.758197
210.2872,8.58369
149.44905,15.1256
212.67229,13.558
174.2579,15.57061
152.44284,5.17294
233.84672,12.0476
125.74735,4.27646
241.2076,8.48109
213.61392,15.61178
161.92283,11.077074
146.09787,11.23131
175.0391,15.3273
169.37573,4.55557
120.41449,10.73272
151.09361,13.62121
139.66927,13.82949
233.74392,11.75029
243.56632,9.53719
120.02622,13.15212
150.18837,4.73432
164.65653,9.05045
120.08741,11.31945
209.66067,7.21656
159.29258,12.65247
158.5825,13.75458
120.49372,15.05875
126.10763,4.24768
168.77586,14.78702
241.11743,14.78243
174.30635,15.43253
137.34398,15.79616
135.53504,8.30166
175.41556,15.96572
213.0658,15.87934
210.06083,8.9675
162.23482,14.21983
220.23107,14.33354
211.22808,12.70469
213.47303,15.50995
135.6725,13.10792
140.58954,4.06119
122.68488,7.47319
118.37183,14.61253
148.46437,13.61489
209.84476,5.53867
217.66395,7.2750943
246.84412,11.46714
141.65059,7.95449
233.42942,15.00728
233.64592,15.20006
197.882,8.74319
242.39871,8.9567
238.55794,14.60121
149.72233,15.38
160.53142,13.747
213.67051,13.378171
143.51133,9.47921
159.14919,5.91058
131.18104,10.47203
210.0008,7.76491
209.2309,14.142252
237.93638,12.74235
159.08883,13.71142
233.53292,14.395
240.07426,15.75657
208.93007,5.78137
217.46069,13.799658
209.05,5.01447
151.86539,12.27451
211.52704,11.788836
119.90754,13.433544
154.30299,13.19205
166.98658,8.00078
175.07712,9.00989
167.48308,10.72083
241.19762,14.28716
118.57108,14.273
235.81678,9.72396
210.94343,14.868105
166.63377,11.38542
139.19929,11.45269
237.23796,7.22231
239.41886,15.874586
235.30042,15.57306
225.33304,9.15097
149.65096,13.25528
125.1393,4.57168
118.43489,13.33742
134.10039,13.18228
120.65774,9.50009
240.97422,14.63431
218.1831,9.8917168
241.74146,10.75117
242.33646,8.76325
220.74168,4.88947
215.61438,15.08507
143.08787,10.80922
216.92735,13.906888
171.16803,14.94651
125.51504,8.75261
218.22305,11.595058
146.70396,9.73613
165.00992,14.84158
235.77533,15.77049
208.27263,15.84455
145.96239,9.65613
228.30456,7.22551
152.65497,5.15067
218.35141,4.45046
246.80733,12.97975
139.19833,9.89133
134.95436,5.06086
208.74358,5.33372
173.1454,14.18923
125.07104,4.70339
157.31454,6.12808
120.00573,8.00615
121.77483,8.04803
217.98913,6.25042
172.53108,9.27664
130.73116,13.64311
120.31921,9.26482
162.83306,14.02344
168.1659,9.05584
146.6899,9.26437
218.31061,13.842711
177.08382,12.71657
211.22383,12.72169
241.25813,13.70122
229.85535,11.054538
144.64358,8.88793
240.54847,7.0861
222.72898,4.9489156
149.26352,15.57827
211.25759,11.01188
210.64758,14.535047
239.31434,5.99838
241.84137,10.36614
149.93122,11.66075
215.34765,11.270793
143.50054,10.02953
145.47471,11.63251
157.44496,13.01817
217.19761,13.8212
233.9153,12.6064
232.01808,12.00338
145.54783,4.67314
171.64187,11.44008
130.38276,4.98034
209.48425,7.4335833
145.87419,9.42077
216.09657,13.798442
176.5515,10.59553
211.426,12.241932
176.69283,14.53306
174.37805,15.486344
122.76984,6.2986
170.66663,13.33053
146.37237,9.6028969
120.60295,9.59714
246.14722,11.47142
211.38004,12.44653
169.16178,15.7275
244.11714,14.887378
120.7328,15.48517
144.87221,6.22925
234.40135,5.97342
119.65511,15.06912
118.84351,15.09444
120.11662,7.81581
146.34463,9.76733
153.92546,7.32786
210.21868,6.48637
242.16508,12.01058
222.17739,12.45722
210.79105,12.170402
209.144,10.19122
150.26403,4.61927
141.31427,10.88673
247.43378,11.84712
120.54561,9.3616154
233.61225,12.271
137.34393,15.613664
125.60333,5.00222
121.06271,8.73197
154.5637,7.03884
139.04596,6.32944
141.23919,11.54153
209.46762,7.4135
177.05333,13.209376
232.62992,14.71053
162.722,13.41213
173.57568,15.59595
173.78454,15.95863
169.73317,13.09222
121.85341,6.8632091
243.60454,10.51501
246.06186,12.855839
160.91213,14.87186
120.11898,15.4531
214.32819,12.585529
236.80693,10.751978
143.21625,12.28689
200.02883,14.54326
212.20591,10.79594
125.6837922,8.2189394
128.91161,4.75703
235.01417,13.9775
155.95217,12.62983
215.87084,14.283182
131.17771,9.80086
146.62926,15.88632
160.99042,11.70381
148.70652,9.27109
198.09088,12.17324
158.67834,11.19735
242.59842,10.210955
208.54694,5.22744
241.35004,7.07803
141.0607,11.1106
174.81137,14.99243
163.80257,5.86256
208.90415,15.97067
234.71542,12.08065
171.10862,11.34222
162.80971,5.84003
211.88935,14.63385
177.18333,14.05291
173.90164,15.975044
177.1352,12.705293
161.92667,13.98564
165.07737,13.90122
125.96657,14.751718
153.61906,15.90293
175.24482,11.471141
215.32782,12.50596
211.2751,9.33917
139.73167,14.30492
150.76442,10.74595
210.22019,7.8400527
133.97033,13.56336
208.29021,4.96094
209.67394,6.6950132
176.74874,13.87343
209.93787,8.1411782
237.25523,5.18608
156.42257,11.73928
166.73596,7.17392
135.26342,11.09839
168.30211,5.19633
170.07089,13.589687
151.4633,12.9613
235.72153,14.23147
226.97213,8.4374
146.03555,11.25413
202.21754,11.097
174.96988,8.87453
143.77418,9.6492
162.07036,12.62927
210.37184,9.15372
246.72285,11.65203
218.88867,12.90825
210.1294,8.64982
153.78487,5.24336
130.8625,4.43319
155.40937,12.576123
120.95908,10.5485
246.56444,11.739889
217.07677,13.78023
148.85735,7.66045
209.9505,11.32603
142.54304,7.90275
211.29331,11.77137
200.1592,9.78715
147.61414,12.7655
242.73741,10.016609
151.19861,5.3685969
235.35369,11.984979
177.97902,5.84013
170.57465,12.72253
246.35284,11.713698
131.92372,13.41912
125.87775,10.04553
240.62512,5.67192
143.61103,9.91644
120.69982,7.4316157
130.81667,13.08586
217.2948,13.980956
145.59735,14.63006
243.8522,9.05033
241.32683,15.16644
241.16523,15.06609
210.50054,10.83061
159.34733,12.15656
120.86518,9.7099648
218.34042,6.87806
155.04168,6.95257
149.69642,11.38869
147.86571,7.26369
120.24837,15.62478
120.16892,12.063836
176.51688,11.58131
225.05707,9.93776
237.75661,10.03056
128.5725,14.54792
239.33569,15.791063
119.77732,9.8544131
242.07196,7.5385
120.41803,15.644755
120.1803,8.6388137
156.47119,14.363159
134.01659,13.422027
125.50821,4.39273
147.5275,12.81364
140.13714,10.60031
120.15858,13.656393
241.11026,14.75707
176.34281,14.36659
120.6266,9.0759992
166.76396,12.06006
210.90108,15.273424
155.96613,9.98747
212.19485,4.9097847
241.40508,14.41148
243.53291,10.732959
177.378,12.677094
209.98137,7.7472675
148.48117,7.04656
149.62733,10.183
177.88333,4.8525
149.0499,15.700877
120.5503,10.542811
131.13479,9.16591
120.3994139,8.10015565
149.2515,15.555658
177.12777,12.7298
147.74511,10.80159
137.67431,7.20671
225.57009,6.34487
174.98127,13.46723
138.89604,10.46753
211.13667,11.18981
141.45207,11.45423
153.8122369,4.29185993
147.26954,13.88075
143.51304,11.0058
246.60061,13.117134
137.77322,9.34956
237.96312,5.97367
149.67404,5.26436
155.78637,8.97978
160.70188,13.45983
211.0536,8.517225
146.37615,6.37682
167.86778,6.9075
164.57071,4.79219
145.12836,7.48943
131.66652,13.21369
139.90957,13.853431
138.10778,9.9555
173.13833,14.20083
211.71467,13.80594
155.4774,11.46552
233.92013,15.549004
210.77685,8.24183
132.01196,13.086204
232.23657,13.213389
157.10305,6.23858
241.14209,10.951197
125.55655,4.1977
214.93639,9.36248
216.39163,13.81649
154.54282,7.14298
210.62425,10.7081
121.77666,7.8829025
174.23694,15.52897
213.67157,15.512802
218.91629,13.16994
120.20161,10.083603
130.70089,14.26525
198.07272,12.86835
241.68767,11.88806
209.64404,6.5740703
246.29535,11.880133
137.01031,13.647098
217.96867,8.933
149.31883,4.52697
240.97165,14.510548
242.06699,10.108685
234.55844,7.4618632
152.84766,13.77825
211.63296,6.02969
116.8472417,8.83317913
161.97471,10.89781
231.89492,6.900513
121.44801,8.3193416
120.39337,12.084305
150.27149,14.947636
211.41688,13.375
210.85071,11.15408
235.72005,15.175247
131.09124,9.53728
119.7533678,7.29390326
231.52323,9.2041451
146.91083,4.82167
179.08249,6.17269
217.93404,6.15814
123.05933,4.0735
211.36455,12.23184
121.73206,6.55415
138.78346,11.764087
240.67624,15.236851
130.89636,13.062973
240.96857,8.34256
216.58924,10.16334
214.0531514,13.45494512
210.80384,9.52293
235.82297,9.6988525
120.3937,9.3048511
176.47955,13.51619
211.19725,8.8009221
141.35346,11.07378
165.15467,4.06531
140.4575,9.53803
231.05353,11.693884
148.67539,4.97542
211.16961,12.14395
147.74625,4.27222
211.37233,11.58544
147.91875,14.03778
246.15489,12.552621
121.40704,6.99317
170.57733,13.06505
198.29618,9.6796
175.5052326,13.69873848
208.01405,7.62087
222.90949,9.0612108
120.22858,13.39678
236.6065,4.42764
172.06089,11.39438
173.38112,12.13732
130.64621,10.58511
239.34008,15.827341
138.82912,10.65032
213.84258,14.25036
216.93364,13.441846
210.47863,9.3788782
141.31618,11.59689
198.24314,12.47798
145.47458,11.65453
151.79575,12.65136
230.23204,10.49167
210.82399,10.06121
170.48653,10.49872
211.37512,13.04439
241.07966,14.759983
179.01029,6.67794
166.80702,6.41168
174.41345,8.86412
211.20356,11.698593
211.8388449,12.71966873
128.9645039,7.46277352
120.056,13.155076
132.48443,10.719072
230.931,10.92922
209.09757,10.103817
134.6424,13.928279
146.96487,8.83539
123.71505,6.17474
144.12743,15.548767
129.12627,5.167
209.31898,15.882098
224.19833,9.50889
134.62435,6.32126
235.84987,14.43581
238.18612,8.36454
241.67084,6.58093
231.85791,11.284027
153.90285,6.34782
146.95067,10.87005
211.42679,12.07408
114.5198865,15.98763635
241.24517,8.45369
212.07258,12.46811
146.58537,5.68717
130.06078,5.63523
128.65497,4.47118
138.87227,11.773761
146.08078,9.98462
211.35171,7.61061
209.13073,8.353305
125.60803,4.16325
198.86039,11.58559
241.1699,11.040988
204.5525,15.86319
170.68547,13.34531
241.14319,14.93107
174.55404,12.11192
247.1615,13.399325
145.67871,9.45614
171.4728,9.98749
138.12477,12.586585
211.06601,4.11219
143.78115,5.12007
176.48383,13.83919
224.36217,8.9547017
159.53332,10.38086
145.73377,9.47514
147.27491,9.0881
161.33939,13.714204
172.30177,11.8655
167.72714,9.6218293
167.34713,10.83408
172.68121,6.88349
234.194,7.83358
243.29764,9.8311159
239.85335,10.461566
150.77313,11.44639
216.74907,8.6836224
139.95417,4.48469
120.59141,10.151851
176.49466,13.79123
146.46037,8.90933
209.26765,14.10153
235.69206,12.060367
118.81721,15.06003
151.988,13.22742
131.69574,13.163999
166.06079,5.12683
241.52018,14.417885
138.30708,11.771323
141.07758,4.23781
214.72762,13.8145
234.7262,8.5937114
171.2132,14.79579
198.33157,10.19392
175.114,15.40122
230.75375,4.52944
167.62341,13.76615
155.3334,12.1757
155.81931,9.22504
153.49546,7.024
120.44239,9.9535966
120.30428,11.623539
168.25088,7.86186
141.91082,11.62072
213.95984,10.961308
120.52729,9.3773177
234.83347,15.38433
146.01212,9.37421
211.35152,15.578614
146.6705,14.197766
120.69643,13.75865
120.41679,8.5896487
176.19041,9.21299
220.7618,4.76567
169.53637,4.61611
213.34792,13.07889
236.61295,8.65691
216.13649,13.79908
165.07971,6.24156
237.5115628,12.49174781
245.945,11.7398
144.04652,7.9919
119.37525,15.69957
140.00726,7.05624
156.16713,14.756765
239.35754,15.908513
151.54508,11.10058
240.0651,15.769222
175.94216,13.70757
123.90917,5.25611
211.44461,7.6979117
178.4334,7.79242
215.50392,11.38056
173.66088,15.62164
221.98433,5.40597
198.4323,12.77133
148.1463,8.19906
214.28465,13.6871
221.8685,12.76499
143.64224,13.005742
146.58517,5.69184
174.80642,15.03769
242.69317,9.5413099
135.59544,12.998105
208.91146,4.98506
201.88987,11.73017
128.21259,14.291823
176.37338,10.20164
117.3059294,12.7641342
219.78787,4.55181
245.22323,10.563788
120.61995,8.2207076
120.58291,11.627941
217.31246,5.98539
177.17806,8.04649
120.07591,13.548415
197.34658,6.99633
120.1351,12.053155
144.50275,6.92437
246.96197,13.58663
125.08868,4.57238
213.33055,14.01176
168.06432,8.628677
210.19666,9.5603491
147.16379,11.76947
241.71256,8.15797
205.50751,14.70937
245.38763,9.9978573
236.41426,9.7485034
137.2863,14.642831
121.8035,7.01706
213.32104,14.0271
203.9397,8.96907
210.81378,9.4291603
166.4336547,6.21748665
242.11263,10.896037
218.08665,9.9335253
220.46654,5.92244
167.28417,4.06
176.73307,15.94008
143.30383,10.33167
209.32437,6.18223
218.03418,6.18975
241.16754,14.628786
176.996,10.1405
119.61476,11.027424
159.3917749,12.46497173
217.41855,4.06237
242.1803932,10.36718658
212.08446,11.60858
175.98558,11.94058
209.54204,6.49169
209.13783,8.6092339
219.32171,8.03828
198.76854,7.1634324
150.57179,4.96089
241.11054,14.722185
133.95823,13.158306
121.63663,10.130069
131.69705,13.7068
159.12759,5.01733
233.28279,10.91811
210.8663,12.162541
120.6241,9.4620206
148.04725,8.73632
146.48285,5.04955
134.84833,11.13528
117.5914604,11.80557568
145.7577876,9.25259063
176.52574,10.87119
224.65772,6.7751584
157.2003,4.23475
211.02658,11.20289
225.97634,5.9770418
217.04523,13.551591
136.64288,6.30381
130.19038,13.706766
143.46367,10.15941
240.94164,11.742193
224.58052,9.0757448
211.43804,13.79092
243.71455,9.6733211
236.15549,10.630524
209.2583,7.1131466
120.55057,8.9381307
203.65746,8.79361
170.77833,13.88683
233.69412,12.447246
228.42425,6.9342541
129.92554,5.3835057
206.35908,7.6097228
213.30021,13.97589
145.94058,14.679998
142.56165,8.28307
239.465,15.844434
206.344,11.36972
143.34753,9.48825
174.96937,8.3254204
234.95208,8.44611
161.36025,13.44481
208.05915,8.92388
178.27537,6.15397
121.03549,8.9922879
208.58134,5.7545219
212.92734,14.671541
217.68208,13.952403
199.14908,12.1524
236.54052,6.89847
174.05383,15.73314
121.1546542,5.35885808
173.59669,15.66734
135.65712,13.073259
171.10321,14.20308
173.58146,13.322
153.55443,15.861728
162.48751,8.7200116
176.35761,9.51488
209.23158,5.15188
214.68087,13.58592
234.59208,12.96083
161.86432,13.88975
155.86138,12.81553
234.83978,13.692195
152.37289,9.17608
160.27121,6.41489
153.28737,13.42206
195.67409,5.95837
120.91963,15.657498
177.70626,7.07467
169.10055,5.73132
120.36156,15.7499
205.98453,6.7037771
233.0035,8.63317
125.9012,4.24726
170.03044,7.33573
162.24908,10.83542
153.1126,12.34375
163.37989,7.46189
213.42883,13.98712
243.5451,9.9034532
233.1869,6.5108285
209.58117,6.256827
233.38123,11.745794
147.0033,9.97096
209.1109,4.39667
174.51742,13.2
202.98724,13.51711
159.0533,13.44954
119.8368558,7.73347109
147.67651,8.73156
120.72783,14.42528
151.8883,13.10656
139.06204,6.34125
146.83312,12.3965
144.31996,8.63064
121.66394,7.9090284
176.01727,5.23411
235.06595,14.80835
217.20221,6.71542
131.73931,12.884131
175.23951,13.14508
119.84559,9.6183171
135.9873046,14.57767066
143.35986,10.01143
120.48587,8.1259414
209.23054,13.40895
135.94646,5.80668
147.40433,9.49508
197.27696,5.24311
134.1144,15.392121
144.37492,9.55217
211.88294,15.867494
235.23983,10.446755
214.65674,13.70965
226.05571,10.91211
146.91096,7.01803
146.55592,8.93492
176.75065,7.3242
169.33818,15.954064
220.32993,7.7929957
226.43537,11.20836
148.87375,8.3906322
213.1691104,14.51579989
139.31222,4.13369
180.39161,4.46649
150.01642,4.81252
162.89667,4.58306
161.76151,13.56708
129.60136,14.055668
199.21796,12.54822
218.8805521,15.53917946
155.76933,11.12203
243.82094,13.025855
134.60424,6.33504
175.56517,10.22292
239.9311473,14.11768934
137.34426,12.008668
209.68058,6.5009595
241.29424,14.943457
127.7144,12.501063
127.84017,7.00003
239.10421,15.755653
164.57482,4.66073
144.84302,4.95239
243.63606,10.346002
121.64327,12.666973
212.76383,10.55644
131.55191,7.26706
219.08931,15.250019
152.92965,5.05378
122.05746,6.80844
235.32207,10.422056
159.46912,13.721
150.07131,4.88876
135.94376,12.734658
213.32233,15.492186
154.32321,12.66417
140.02094,4.48047
120.19591,8.6389002
120.64033,9.389835
239.30992,13.508837
159.19129,4.08075
144.25851,9.10269
216.79452,5.13717
139.73135,13.820147
243.6722,10.855259
167.17687,14.92512
211.15633,13.21428
146.97704,9.51272
234.73886,12.54917
218.66333,4.26278
153.8292781,12.99158515
168.65415,12.81767
143.0855,10.09983
232.91279,15.59247
210.67091,8.2497914
151.24529,5.36467
177.30096,12.63158
176.53733,12.87961
119.55183,11.0206
172.46263,11.97025
150.54328,11.64347
210.56355,8.0063942
146.4169,7.01262
219.17059,11.57688
242.87326,10.019388
140.41588,9.15877
144.99904,10.45728
120.91355,8.910003
168.4800262,4.10522661
119.77194,12.419795
241.50911,8.50676
137.045,5.92778
152.64392,5.23291
198.25105,12.61359
220.87511,7.7868
237.87322,11.872712
122.64146,7.02719
209.58612,6.5091102
218.2201,5.99906
172.75645,14.56699
177.07455,12.72588
159.2365,13.93422
148.84783,5.31483
176.18117,11.20731
146.33914,14.57994
120.49197,9.3900606
150.06083,9.61736
151.46367,5.00622
241.54272,12.820294
140.24842,11.05922
131.82458,10.042658
210.65184,9.9412891
143.03233,10.23706
167.60511,10.12532
239.97923,7.98786
212.19908,13.01872
164.89847,14.7355
148.90265,6.81964
193.95396,4.30411
162.03558,14.85458
228.96632,8.0480884
143.20048,12.279373
166.38347,12.36202
120.75963,15.31803
240.41795,13.57773
121.75333,6.19892
144.58905,9.89546
149.35175,15.117109
166.72587,7.78163
120.57557,15.451955
212.1025703,13.99842216
120.64384,9.6715713
232.54054,9.68083
176.47403,9.89978
219.80183,9.13494
139.2321,14.713848
156.1553,11.90806
245.6433144,11.90506353
211.976999,5.01236153
237.7178925,11.21654513
148.90732,4.47675
197.44887,4.24988
211.7837131,12.36017375
152.41792,5.28598
144.03579,6.25706
144.35871,8.68928
177.7646,7.69372
138.33285,12.535272
236.8320833,14.09861111
133.9392406,15.67435266
210.13712,8.994931
120.12113,13.30844
119.98654,13.84253
147.3326,9.92047
239.56287,12.115776
131.0343262,10.93462119
120.94527,9.7117557
216.10135,8.27614
241.43572,8.84553
151.03634,6.51048
237.0173,4.2424313
137.33682,15.796496
237.77454,12.672028
212.40688,5.09627
232.73794,11.28536
150.96604,11.1
236.73321,13.458824
118.9277895,9.63107333
121.64085,7.7822763
145.2269426,15.07460955
147.62629,8.36003
236.40625,4.1825
158.07027,15.621745
153.20495,7.1038
234.54539,14.027207
209.61235,14.53104
211.5616322,13.01068792
120.54709,12.24354
218.38975,12.78369
208.36063,5.20776
150.71258,14.55324
147.08453,15.848564
207.92879,5.44652
220.8716,4.5315
137.31667,4.11315
243.44327,9.633552
120.72907,8.3960144
222.3693733,13.63101918
233.68935,8.15691
241.2073,14.877864
228.53228,6.9178859
177.05625,12.65533
140.44345,4.96432
231.04774,7.4882357
138.91308,13.5825
164.0375,6.17306
208.2459547,5.11861565
169.9386019,15.50224087
145.2767071,8.92169446
146.53203,6.77397
131.83185,5.89793
143.40742,8.46388
199.3719998,4.05970034
133.47392,13.569548
148.50252,8.77746
170.34762,6.66711
163.42789,9.72793
162.34049,12.9056
166.94601,15.05874
199.09976,12.52227
120.16531,8.461042
131.11953,9.34833
124.21917,5.64703
136.86735,15.426286
120.2466391,8.92617603
135.2616,11.553727
161.18885,7.99881
233.9241616,13.2177073
161.72495,13.77938
120.44874,9.6054554
210.2931387,5.72668293
141.16283,11.32914
176.2777998,9.50142313
143.9659578,9.53824224
241.40497,13.492116
162.94449,13.97654
176.66414,14.56042
231.93537,9.69912
145.75223,9.4745161
177.9550663,5.53141333
120.43635,15.58596
144.4562778,12.97138933
135.75027,5.80656
158.66162,7.03158
239.15351,6.19406
168.49708,11.32889
197.2180525,5.99697164
157.80544,4.47253
177.41708,12.39397
235.79782,15.41475
176.51326,14.6438
162.23696,12.19492
169.1095,4.3365
142.95167,10.40825
131.74031,13.431331
237.87921,4.1994936
237.36039,5.5712229
219.93525,5.35331
130.65243,10.553878
149.05292,15.61028
179.75311,4.66964
146.2455,8.36987
138.7168737,7.2464603
171.79556,8.7310275
120.41826,8.7892021
152.32237,5.40408
155.914,12.62378
237.8958762,8.03124951
118.4534915,10.14814846
131.89515,11.72542
176.23975,13.38749
208.4755527,9.50460709
176.60034,13.82745
145.71225,4.88992
170.71114,12.34489
119.8416918,14.16105821
147.90914,10.43971
120.51445,15.7107
232.18768,4.4057327
177.2498827,7.5328343
201.7559,10.05639
204.18262,8.54688
143.47317,9.20467
165.64058,7.13526
233.7829,12.337069
141.2945,11.533
161.12921,13.7112
242.5842914,10.14266823
214.83124,15.81067
181.01808,4.81308
176.18356,15.02778
157.92545,12.2824
144.66784,8.13608
235.7683958,11.74356606
151.70644,11.23583
129.17146,5.27333
171.53458,4.06236
129.39784,7.80863
179.28004,6.67542
158.12908,14.65058
239.80661,6.78758
146.77392,9.85161
162.32176,12.42176
143.25545,10.32928
162.57901,13.27186
142.58574,13.458285
234.04611,7.85696
208.76127,5.09034
138.95608,9.64736
150.1411006,12.02396816
176.99434,13.91068
156.67492,11.89722
146.88083,10.49211
227.6915411,7.18713507
219.25536,8.3179
147.915805,11.30186365
130.6076,6.59406
120.93293,10.149254
169.91108,11.44536
147.04539,14.553672
152.64133,12.59436
245.0015595,11.6967019
209.42058,15.37349
150.24404,11.75406
151.77715,12.8976
215.18555,8.62663
159.19012,13.59589
218.84708,9.50142
220.3091917,6.20158721
130.69346,10.556753
222.59431,11.40392
234.26493,6.0401738
157.92009,13.83493
148.24513,8.029
235.82468,13.79739
238.7054487,15.93742443
136.6271154,5.18635422
120.3258291,7.51175795
176.02909,13.34087
160.23567,12.47203
235.16721,15.389071
165.2164,13.881329
208.76879,5.18953
131.4753167,12.24218152
146.9847224,14.40368334
223.18132,11.67222
151.51595,10.63763
141.10077,11.98468
204.6277,8.4423219
145.23458,5.04461
166.56556,12.6658
130.50023,10.514728
241.8656279,10.14035732
143.49403,10.15787
146.03791,5.9368831
151.76867,5.00683
201.7090714,4.67582148
120.1253987,12.06350959
169.329563,11.44881091
120.37415,15.714392
144.6738575,8.10784441
146.42528,6.86991
157.16868,15.220495
153.4481388,6.89605387
157.90533,4.57279
146.3593653,5.20812534
157.23247,9.86318
176.3421,9.16214
143.38956,10.38732
131.1483939,9.70279668
143.09234,7.30229
173.00804,14.61078
216.6185329,13.02771875
222.88675,8.5999652
246.8841558,13.58417685
215.18144,4.14363
215.2440675,13.26599269
236.43319,12.51058
155.85975,12.59514
222.14342,5.43125
165.3451838,14.92543818
143.35353,10.16554
165.116,11.62086
143.7085,10.06704
167.09175,5.89061
142.06737,11.07706
164.39245,9.2148203
208.33258,5.77164
134.6830244,7.44218595
176.31742,13.87256
209.68087,14.26133
165.32061,6.07273
198.75162,6.871
147.7168891,10.17334548
161.29097,15.449847
209.34821,5.57367
137.10006,6.95153
204.01083,8.18472
158.22159,13.00881
146.15467,10.01288
231.9382568,12.96789272
217.21978,12.58168
197.8570588,15.530532
147.67979,9.95103
169.55651,4.69182
221.33812,7.86572
218.12633,8.13583
215.93194,5.87686
239.06014,6.09817
166.49829,7.37364
235.7145,9.1535383
147.65104,12.80908
159.09917,12.70739
162.50747,13.78477
120.5335285,9.64930795
171.27263,4.121
164.0813291,14.8663646
145.0552128,9.92448222
143.28001,10.17828
160.77271,13.51039
218.84494,5.27655
148.53042,9.35989
237.8971413,8.01464227
131.5481956,7.04961397
147.85512,9.05153
169.44109,7.63919
150.41544,14.992083
171.18542,15.27542
162.65783,15.76347
237.9922295,11.41698056
177.1960057,7.25735781
160.61046,13.95715
175.9490812,12.98087126
155.05812,6.80263
123.1882361,14.48028563
198.1247446,15.32104354
212.0933608,12.59336494
168.21604,10.20017
211.33462,10.414705
151.83112,10.36273
162.8681656,12.43944407
169.261115,10.14336418
235.27646,4.7528278
121.91155,10.980642
148.64879,4.38553
140.3631718,7.364599
144.19321,9.04443
209.3085,4.30731
150.50001,4.79093
142.98308,7.53619
235.48661,4.57987
237.4917523,5.51714029
233.4952209,12.06405482
128.0753567,7.19914047
209.08882,5.32896
172.10115,6.11785
126.62683,11.786083
160.4207,13.82488
173.45858,14.8245
143.03672,8.46966
230.1858236,7.24503971
170.59752,11.79392
135.394473,11.33201542
221.60125,14.2125
151.0006605,15.24992746
196.0450422,5.48698743
168.21959,7.92191
151.9293031,12.37020996
154.29929,4.33078
177.77008,5.24621
206.67089,6.6543177
223.22616,13.300253
139.84429,14.082446
162.28154,6.91728
218.0345121,8.16916741
133.14066,13.841221
130.63595,14.288252
230.24781,12.181495
233.25172,15.519122
163.24637,7.6202164
145.08804,4.73508
142.466,11.92661
234.65304,13.51757
151.78042,15.98444
211.61116,9.35904
219.59399,4.61328
150.2980836,14.41572644
212.3000418,13.31479238
120.8910656,9.12546774
170.73066,13.44129
137.61991,7.18833
164.6828776,5.39342054
240.45151,6.8384715
119.7748539,6.73469322
176.13363,6.7040154
169.36446,4.60444
136.31533,10.04264
211.76821,10.71258
231.12961,12.876231
238.7418493,14.26758992
238.6878,14.584015
162.36126,12.25778
141.98154,14.766521
233.0540947,12.02259401
130.27463,9.7917121
234.89759,13.666575
218.40493,11.2173
231.73071,9.78267
208.04521,5.50383
218.9208815,6.55173347
129.1385,5.1784804
218.78375,13.14914
233.63822,15.133591
221.58421,4.73298
130.0890082,7.8926053
134.8377,4.942
232.88888,6.0253416
148.62696,9.87003
177.2681607,13.62941763
148.2582616,7.78980797
139.4366758,10.50436218
150.480643,15.76007133
215.911148,14.42450243
220.11478,5.53191
145.75908,5.02903
166.5934902,7.53148676
171.41669,4.67653
156.44317,5.65347
130.61192,14.425918
199.26596,6.71164
166.11033,11.75636
154.28758,4.34431
214.28106,4.83706
206.27717,6.5195667
170.54612,4.66156
175.5775,14.99472
138.73889,6.00517
169.1445576,4.41541668
231.4837,11.410364
239.0108225,5.45618075
203.90487,14.36095
139.8796322,14.16220094
170.59662,13.07781
223.1808261,4.60463882
164.05797,12.01129
147.82083,7.8275
164.40896,13.97903
208.02349,5.76504
236.45257,15.516478
125.8756475,15.15760649
119.21274,11.216758
175.461,15.97375
209.039,5.54258
163.50009,9.8312013
151.85025,5.32531
224.53658,6.74653
138.21212,6.47581
116.9080792,12.67012981
136.30208,5.86811
240.0905107,11.49497805
239.155728,5.96864568
131.27529,9.52992
172.78704,13.57039
241.3007084,11.04169431
145.57896,4.68939
175.8854583,15.04261976
200.1347,5.40687
239.98108,6.88408
140.31242,9.73119
160.50154,12.33493
144.347976,4.09851006
162.32675,12.3782
204.35917,7.64444
222.4612652,9.94168486
218.4851018,10.7948071
165.7579734,8.04847581
151.5195649,7.13515919
217.70279,7.15719
217.38923,4.17037
150.0101966,15.76849313
135.6614234,13.11655925
142.44238,8.04328
207.09483,8.21161
210.5533309,8.08562556
134.2726673,9.11831214
198.13862,7.18428
161.67216,12.32705
178.70551,6.70961
214.72282,9.29131
169.2549,4.66228
236.6024,4.4890537
120.85277,15.13877
163.48987,4.2589479
220.1267,14.477458
218.12942,11.55317
146.18289,9.61501
160.71846,13.74108
131.35586,15.329457
203.52892,9.26203
163.08129,11.04321
216.0620051,14.65325981
146.5348169,8.71807288
217.52992,8.70447
204.71156,8.1080756
231.1372416,8.51550195
240.69964,6.8751862
150.2895,8.78208
158.52251,15.780596
158.95409,8.4833183
152.58571,7.75372
149.90057,11.77504
194.23788,4.06483
205.0774,6.0409594
161.84315,14.0712
158.73388,11.49239
169.86709,9.59564
164.3640117,9.17441073
175.23646,14.07422
125.52474,8.30019
177.51139,15.023189
206.81667,13.17717
168.81733,14.69861
143.68633,6.4255
168.3175297,15.40860097
177.73329,14.59483
170.82949,13.62978
210.56935,13.1015
234.47271,14.029837
169.67578,12.561608
158.00533,4.34608
170.7463806,12.46046244
138.19446,8.9388818
214.4614266,6.84047581
162.22397,14.12452
163.01997,15.03046
174.28667,13.25136
134.7269654,5.52673514
175.86246,11.39844
162.18057,12.3154
169.80996,11.95217
209.4408887,7.83735123
159.36936,12.39628
173.82663,4.95481
198.02731,5.4757
161.147,13.93965
206.98937,4.31406
208.9916005,8.99544681
157.68454,6.12708
175.79373,14.22471
143.43375,9.71086
169.25438,13.09964
172.72158,14.1453
173.46213,14.05417
119.2575,14.39083
162.75629,13.33347
168.60487,15.53386
193.95587,4.01279
169.51613,10.24445
147.02454,7.12911
162.88061,14.11477
173.7213,11.02119
170.60008,12.97956
170.90674,12.89579
169.81612,14.29022
204.57105,8.18786
159.98188,13.90945
162.8371,12.84892
164.71648,14.13008
177.37929,15.26103
193.41753,4.07563
168.68758,12.6477
161.55729,12.96143
137.15226,5.29078
172.39421,10.80985
121.55443,15.50394
161.74,12.999
129.09113,4.77342
198.44711,10.05309
169.83914,14.075455
125.65313,7.46434
208.63978,4.24299
137.22295,14.58182
153.99748,6.80593
210.83875,9.42611
210.025,14.5